{
    "loss": 0.9426,
    "grad_norm": 2.3054702281951904,
    "learning_rate": 3.917767040931178e-06,
    "epoch": 1.0,
    "step": 2,
    "eval": {
        "loss": 1.0112099647521973,
        "runtime": 3774.4915,
        "samples_per_second": 17.711,
        "steps_per_second": 4.428
    },
    "train": {
        "runtime": 35521.8544,
        "samples_per_second": 65.631,
        "steps_per_second": 8.204,
        "loss": 0.10147505654502498
    },
    "total_flos": 7.050233911770612e+18
}
