{
    "true_positives": 756,
    "false_positives": 677,
    "false_negatives": 14,
    "precision": 0.5275645498953245,
    "recall": 0.9818181818181818,
    "f1_score": 0.6863368134362234
}