{
    "true_positives": 764,
    "false_positives": 609,
    "false_negatives": 74,
    "precision": 0.5564457392571013,
    "recall": 0.9116945107398569,
    "f1_score": 0.6910900045228403
}