{
    "true_positives": 721,
    "false_positives": 548,
    "false_negatives": 178,
    "precision": 0.5681639085894405,
    "recall": 0.8020022246941045,
    "f1_score": 0.665129151291513
}