{
    "true_positives": 783,
    "false_positives": 631,
    "false_negatives": 33,
    "precision": 0.5537482319660537,
    "recall": 0.9595588235294118,
    "f1_score": 0.7022421524663678
}