{
    "true_positives": 759,
    "false_positives": 535,
    "false_negatives": 153,
    "precision": 0.5865533230293664,
    "recall": 0.8322368421052632,
    "f1_score": 0.6881233000906618
}