step	epoch
0	0.9608274096607764
1	0.9608274096607764
2	1.0
