{
    "true_positives": 744,
    "false_positives": 553,
    "false_negatives": 150,
    "precision": 0.5736314572089437,
    "recall": 0.8322147651006712,
    "f1_score": 0.6791419443176632
}