{
    "true_positives": 763,
    "false_positives": 665,
    "false_negatives": 19,
    "precision": 0.5343137254901961,
    "recall": 0.9757033248081841,
    "f1_score": 0.6904977375565611
}