{
    "true_positives": 719,
    "false_positives": 522,
    "false_negatives": 206,
    "precision": 0.5793714746172441,
    "recall": 0.7772972972972974,
    "f1_score": 0.6638965835641735
}