{
    "true_positives": 752,
    "false_positives": 647,
    "false_negatives": 48,
    "precision": 0.5375268048606148,
    "recall": 0.94,
    "f1_score": 0.6839472487494317
}