{
    "true_positives": 753,
    "false_positives": 568,
    "false_negatives": 126,
    "precision": 0.5700227100681302,
    "recall": 0.856655290102389,
    "f1_score": 0.6845454545454546
}