{
    "true_positives": 768,
    "false_positives": 669,
    "false_negatives": 10,
    "precision": 0.534446764091858,
    "recall": 0.987146529562982,
    "f1_score": 0.693453724604966
}