{
    "true_positives": 748,
    "false_positives": 666,
    "false_negatives": 33,
    "precision": 0.5289957567185289,
    "recall": 0.9577464788732394,
    "f1_score": 0.6815489749430523
}